<?xml version="1.0" encoding="UTF-8"?>
<article xmlns="http://docbook.org/ns/docbook" xmlns:xinfo="http://ns.expertinfo.se/cms/xmlns/1.0" xmlns:xi="http://www.w3.org/2001/XInclude" xmlns:mml="http://www.w3.org/1998/Math/MathML" xmlns:xlink="http://www.w3.org/1999/xlink" xmlns:t="http://ns.expertinfo.se/translation/xmlns/1.0" xml:id="UUID-f67a863c-c453-bce0-d9a3-54aebef5529e" version="5.0" xml:lang="en" xinfo:resource="UUID-f67a863c-c453-bce0-d9a3-54aebef5529e" xinfo:resource-id="334" xinfo:resource-type="publication" xinfo:resource-title="Salesforce101" xinfo:resource-titlelabel="" xinfo:version-major="1" xinfo:version-minor="0" xinfo:time-modified="Wednesday, 08-Jul-2020 11:12:49 CEST" xinfo:time-created="Wednesday, 08-Jul-2020 10:04:26 CEST"><info><title xinfo:text="335"/><subtitle xinfo:text="336"/><mediaobject role="titleimage"><imageobject><imagedata/></imageobject></mediaobject><volumenum xinfo:translate="no"><?placeholder Publication ID?></volumenum><pubdate xinfo:translate="no"><?placeholder Publication date?></pubdate><copyright xinfo:translate="no"><year><?placeholder Year ?></year><holder><?placeholder Holder?></holder></copyright><legalnotice xinfo:translate="no"><para><?placeholder Legal notice text?></para></legalnotice><abstract><para xinfo:text="337"/></abstract></info><?link id="393" resource-uuid="UUID-644bfd56-cbcd-85a9-28e2-a319c1743a0b" resource-id="343" resource-type="fork" type="ResourceLink"?><section version="5.0" xinfo:resource="UUID-644bfd56-cbcd-85a9-28e2-a319c1743a0b" xinfo:resource-id="343" xinfo:resource-type="component fork" xinfo:resource-title="article 2" xinfo:resource-titlelabel="" xinfo:version-major="1" xinfo:version-minor="0" label="fcjnekzfnzek" xml:id="UUID-644bfd56-cbcd-85a9-28e2-a319c1743a0b" xml:lang="en" xinfo:origin="UUID-bfc60109-6aa6-8cba-242d-e01f272c6803" xinfo:origin-id="342" xinfo:time-modified="1594200513" xinfo:time-created="1594199568" xinfo:linktype="ResourceLink"><title xinfo:text="346"/><para xinfo:text="347"/><para xinfo:text="348"/></section><?link id="394" resource-uuid="UUID-d0c3cb50-35cf-9815-8ba2-0df285ef47e6" resource-id="345" resource-type="fork" type="ResourceLink"?><section version="5.0" xinfo:resource="UUID-d0c3cb50-35cf-9815-8ba2-0df285ef47e6" xinfo:resource-id="345" xinfo:resource-type="component fork" xinfo:resource-title="article 1" xinfo:resource-titlelabel="" xinfo:version-major="1" xinfo:version-minor="0" label="dscsdcsd" xml:id="UUID-d0c3cb50-35cf-9815-8ba2-0df285ef47e6" xml:lang="en" xinfo:origin="UUID-eba9ecee-2e36-6051-8ccb-9864212988e2" xinfo:origin-id="344" xinfo:time-modified="1594200446" xinfo:time-created="1594199569" xinfo:linktype="ResourceLink"><title xinfo:text="349"/><para xinfo:text="350"/></section></article>
