<?xml version="1.0" encoding="UTF-8"?>
<t:translations data-language="en" xmlns="http://docbook.org/ns/docbook" xmlns:xinfo="http://ns.expertinfo.se/cms/xmlns/1.0" xmlns:xi="http://www.w3.org/2001/XInclude" xmlns:mml="http://www.w3.org/1998/Math/MathML" xmlns:xlink="http://www.w3.org/1999/xlink" xmlns:t="http://ns.expertinfo.se/translation/xmlns/1.0"><t:text data-uuid="UUID-4776e204-728a-9fb7-9040-79981616120a" data-linkcount="1" data-progress="0" data-locked="0" data-mtime="1594195482" data-autotranslation="false" data-id="335" xml:id="en.335" xml:lang="en">Salesforce101</t:text>
<t:text data-uuid="UUID-65a7c2b8-a224-bdf3-b34b-1bb0831db9c9" data-linkcount="1" data-progress="0" data-locked="0" data-mtime="1594195482" data-autotranslation="false" data-id="336" xml:id="en.336" xml:lang="en">dcvdsvsdv</t:text>
<t:text data-uuid="UUID-382a4efc-f4e5-5e7b-ce61-e7279d267144" data-linkcount="1" data-progress="0" data-locked="0" data-mtime="1594195483" data-autotranslation="false" data-id="337" xml:id="en.337" xml:lang="en">vsdvsdvds</t:text>
<t:text data-uuid="UUID-d906cd53-15a1-2229-f6ee-a66189e7bf93" data-linkcount="1" data-progress="0" data-locked="0" data-mtime="1594200430" data-autotranslation="false" data-id="346" xml:id="en.346" xml:lang="en">titre 1</t:text>
<t:text data-uuid="UUID-f81cce5c-c372-5b18-4314-e10d571dce2b" data-linkcount="1" data-progress="0" data-locked="0" data-mtime="1594199610" data-autotranslation="false" data-id="347" xml:id="en.347" xml:lang="en">zklxqsnclns</t:text>
<t:text data-uuid="UUID-d2a003fc-e9f2-fd26-0ee5-02b070c53c26" data-linkcount="1" data-progress="0" data-locked="0" data-mtime="1594199610" data-autotranslation="false" data-id="348" xml:id="en.348" xml:lang="en">qksjnckqsjncqsjnc</t:text>
<t:text data-uuid="UUID-ab9e2a43-e901-3a6a-a1a1-ea2c5dd5eea9" data-linkcount="1" data-progress="0" data-locked="0" data-mtime="1594200444" data-autotranslation="false" data-id="349" xml:id="en.349" xml:lang="en">titre 2</t:text>
<t:text data-uuid="UUID-361e3850-8f8c-aa16-8060-1282c41f00cb" data-linkcount="1" data-progress="0" data-locked="0" data-mtime="1594199641" data-autotranslation="false" data-id="350" xml:id="en.350" xml:lang="en">qlndckdjsncsdjnck</t:text>
</t:translations>